complex,simple
to what extent,how much
in order to,to
due to the fact that,because
owing to the fact that,because
in spite of the fact that,although
despite the fact that,although
in the event that,if
with regard to,about
with respect to,about
in relation to,about
for the purpose of,for
at this point in time,now
at the present time,now
prior to,before
subsequent to,after
in close proximity to,near
a large number of,many
a significant number of,many
the majority of,most
in the near future,soon
on a daily basis,daily
in addition to,besides
as a consequence of,because of
in the absence of,without
has the ability to,can
is indicative of,shows
